"cod";"lat";"lon";"name"
"2";"C891";"-84.0000";" -79.4942";"AA-ProjetoCriosfera"
"3";"A140";"-11.023752";" -68.735180";"AC-Epitaciolandia"
"4";"A138";"-8.142654";" -70.343594";"AC-Feijo"
"5";"A137";"-8.950008";" -72.786778";"AC-MarechalThaumaturgo"
"6";"A102";"-9.358353";" -69.926257";"AC-ParqueEstadualChandless"
"7";"A136";"-8.267197";" -72.747838";"AC-PortoWalter"
"8";"A104";"-9.957844";" -68.165169";"AC-RioBranco"
"9";"A353";"-9.804551";" -36.619198";"AL-Arapiraca"
"10";"A355";"-10.128482";" -36.286348";"AL-Coruripe"
"11";"A303";"-9.551168";" -35.770195";"AL-Maceio"
"12";"A327";"-9.420334";" -36.620371";"AL-PalmeiradosIndios"
"13";"A323";"-9.749220";" -37.430765";"AL-PãodeAçucar"
"14";"A356";"-9.287481";" -35.565878";"AL-SãoLuisdoQuitunde"
"15";"A113";"-7.205475";" -59.888561";"AM-Apui"
"16";"A120";"-3.583333";" -59.12944";"AM-Autazes"
"17";"A128";"-0.987292";" -62.924251";"AM-Barcelos"
"18";"A110";"-8.776804";" -67.332557";"AM-BocadoAcre"
"19";"A117";"-4.097483";" -63.145322";"AM-Coari"
"20";"A109";"-6.650301";" -69.868610";"AM-Eirunepé"
"21";"A112";"-7.552520";" -63.071343";"AM-Humaitá"
"22";"A121";"-3.133333";" -58.48278";"AM-Itacoatiara"
"23";"A111";"-7.260680";" -64.788500";"AM-Lábrea"
"24";"A119";"-3.294638";" -60.628402";"AM-Manacapuru"
"25";"A101";"-3.103682";" -60.015461";"AM-Manaus"
"26";"A133";"-5.788533";" -61.288276";"AM-Manicore"
"27";"A122";"-3.399010";" -57.673772";"AM-Maués"
"28";"A123";"-2.639152";" -56.756177";"AM-Parintins"
"29";"A126";"-2.056558";" -60.025756";"AM-PresidenteFigueiredo"
"30";"A125";"-2.633654";" -59.600582";"AM-RioUrubu"
"31";"A134";"-0.125207";" -67.061246";"AM-SãoGabrieldaCachoeira"
"32";"A124";"-2.534749";" -57.758099";"AM-Urucara"
"33";"A249";"0.0353";" -51.0886";"AP-Macapá"
"34";"A242";"3.813583";" -51.862500";"AP-Oiapoque"
"35";"A244";"0.7027778";" -51.42778";"AP-PortoGrande"
"36";"A243";"1.496667";" -50.9167";"AP-Tartarugalzinho"
"37";"A422";"-17.963016";" -38.703288";"BA-Abrolhos"
"38";"A434";"-13.009468";" -39.616881";"BA-Amargosa"
"39";"A429";"-11.084858";" -43.138998";"BA-Barra"
"40";"A402";"-12.124715";" -45.027049";"BA-Barreiras"
"41";"A447";"-16.088049";" -39.215389";"BA-Belmonte"
"42";"A418";"-13.251094";" -43.405365";"BA-BomJesusdaLapa"
"43";"A433";"-14.181886";" -41.672281";"BA-Brumado"
"44";"A432";"-10.722925";" -43.651203";"BA-Buritirama"
"45";"A405";"-17.739413";" -39.258617";"BA-Caravelas"
"46";"A431";"-11.811939";" -37.616169";"BA-Conde"
"47";"A416";"-13.332386";" -44.617376";"BA-Correntina"
"48";"A406";"-12.675422";" -39.089580";"BA-CruzdasAlmas"
"49";"A443";"-10.454920";" -41.206996";"BA-Delfino"
"50";"A442";"-10.537233";" -38.996605";"BA-EuclidesdaCunha"
"51";"A413";"-12.196200";" -38.967384";"BA-FeiradeSantana"
"52";"A426";"-14.2081235";" -42.749647";"BA-Guanambi"
"53";"A439";"-12.193060";" -43.213420";"BA-Ibotirama"
"54";"A410";"-14.658803";" -39.181438";"BA-Ilheus"
"55";"A445";"-14.171304";" -39.692502";"BA-Ipiau"
"56";"A424";"-11.328998";" -41.864504";"BA-Irecê"
"57";"A408";"-12.524062";" -40.299714";"BA-Itaberaba"
"58";"A446";"-15.24462";" -40.22955";"BA-Itapetinga"
"59";"A407";"-13.527828";" -40.119752";"BA-Itiruçu"
"60";"A440";"-11.205136";" -40.464979";"BA-Jacobina"
"61";"A425";"-12.557854";" -41.388808";"BA-Lençois"
"62";"A404";"-12.152394";" -45.829745";"BA-LuisEduardoMagalhaes"
"63";"A412";"-12.131694";" -40.354222";"BA-Macajuba"
"64";"A438";"-13.90694";" -38.97222";"BA-Marau"
"65";"A411";"-9.378106";" -38.226771";"BA-PauloAfonso"
"66";"A430";"-13.155681";" -41.774125";"BA-Piatã"
"67";"A427";"-16.388977";" -39.182389";"BA-PortoSeguro"
"68";"A436";"-10.984645";" -39.617009";"BA-Queimadas"
"69";"A423";"-9.625693";" -42.077214";"BA-Remanso"
"70";"A401";"-13.005515";" -38.505760";"BA-Salvador"
"71";"A415";"-11.002768";" -44.524965";"BA-SantaRitadeCássia"
"72";"A428";"-10.443072";" -40.148244";"BA-SenhordoBonfim"
"73";"A441";"-11.664586";" -39.022946";"BA-Serrinha"
"74";"A435";"-9.833617";" -39.495631";"BA-Uaua"
"75";"A437";"-15.280215";" -39.091270";"BA-Una"
"76";"A444";"-13.34361";" -39.12667";"BA-Valença"
"77";"A414";"-14.886428";" -40.801330";"BA-VitoriadaConquista"
"78";"A360";"-3.121067";" -40.087288";"CE-Acarau"
"79";"A315";"-7.300925";" -39.271107";"CE-Barbalha"
"80";"A347";"-7.077730";" -40.362678";"CE-CamposSales"
"81";"A342";"-5.186636";" -40.672128";"CE-Crateús"
"82";"A305";"-3.815701";" -38.537792";"CE-Fortaleza"
"83";"A314";"-4.261351";" -38.931068";"CE-Guaramiranga"
"84";"A319";"-6.396375";" -39.268954";"CE-Iguatu"
"85";"A359";"-3.484298";" -39.588715";"CE-Itapipoca"
"86";"A358";"-5.905589";" -38.627792";"CE-Jaguaribe"
"87";"A339";"-4.853511";" -37.777189";"CE-Jaguaruana"
"88";"A332";"-5.136689";" -38.356590";"CE-MoradaNova"
"89";"A325";"-5.174568";" -39.289393";"CE-Quixeramobim"
"90";"A306";"-3.748177";" -40.345720";"CE-Sobral"
"91";"A324";"-6.017474";" -40.281321";"CE-Tauá"
"92";"A045";"-15.596491";" -47.625800";"DF-AguasEmendadas"
"93";"A001";"-15.789343";" -47.925756";"DF-Brasilia"
"94";"A046";"-15.935139";" -48.137377";"DF-RecantodasEmas"
"95";"A657";"-20.1042";" -41.1069";"ES-AfonsoCláudio"
"96";"A617";"-20.750412";" -41.488852";"ES-Alegre"
"97";"A615";"-20.636526";" -40.741818";"ES-AlfredoChaves"
"98";"A614";"-19.356923";" -40.068680";"ES-Linhares"
"99";"A623";"-18.695265";" -40.390572";"ES-NovaVenecia"
"100";"A622";"-21.100805";" -41.039395";"ES-PresidenteKennedy"
"101";"A613";"-19.988388";" -40.579572";"ES-SantaTeresa"
"102";"A616";"-18.676198";" -39.864051";"ES-SãoMateus"
"103";"A612";"-20.271094";" -40.306069";"ES-Vitória"
"104";"A024";"-14.133074";" -47.523258";"GO-AltoParaisodeGoias"
"105";"A013";"-15.902658";" -52.245172";"GO-Aragarças"
"106";"A023";"-16.966841";" -51.817567";"GO-Caiaponia"
"107";"A034";"-18.154779";" -47.927614";"GO-Catalão"
"108";"A036";"-16.784896";" -47.612966";"GO-Cristalina"
"109";"A022";"-15.220199";" -48.990107";"GO-Goianesia"
"110";"A002";"-16.642841";" -49.220222";"GO-Goiania"
"111";"A014";"-15.939729";" -50.141433";"GO-Goiás"
"112";"A028";"-16.423059";" -51.148800";"GO-Ipora"
"113";"A015";"-14.979792";" -49.539977";"GO-Itapaci"
"114";"A035";"-18.409761";" -49.192061";"GO-Itumbiara"
"115";"A016";"-17.923622";" -51.717467";"GO-Jatai"
"116";"A012";"-16.260542";" -47.966962";"GO-Luziânia"
"117";"A026";"-17.569319";" -52.596483";"GO-Mineiros"
"118";"A032";"-13.253520";" -46.890326";"GO-MonteAlegredeGoiás"
"119";"A003";"-17.745066";" -49.101698";"GO-Morrinhos"
"120";"A004";"-14.469358";" -48.485756";"GO-Niquelandia"
"121";"A027";"-16.962536";" -50.425450";"GO-Parauna"
"122";"A033";"-17.304153";" -48.284131";"GO-PiresdoRio"
"123";"A017";"-14.089210";" -46.366497";"GO-Posse"
"124";"A025";"-17.785303";" -50.964869";"GO-RioVerde"
"125";"A011";"-18.969142";" -50.633449";"GO-SãoSimão"
"126";"A037";"-16.679786";" -48.618171";"GO-Silvânia"
"127";"A223";"-9.108199";" -45.932016";"MA-AltoParnaiba"
"128";"A220";"-4.243056";" -44.794993";"MA-Bacabal"
"129";"A204";"-7.455609";" -46.027546";"MA-Balsas"
"130";"A221";"-5.506782";" -45.237053";"MA-BarradoCorda"
"131";"A238";"-4.320597";" -46.449503";"MA-Buriticupu"
"132";"A205";"-7.337269";" -47.459839";"MA-Carolina"
"133";"A237";"-4.821352";" -43.343659";"MA-Caxias"
"134";"A206";"-3.74269";" -43.3521";"MA-Chapadinha"
"135";"A222";"-6.033167";" -44.233402";"MA-Colinas"
"136";"A224";"-6.653272";" -47.418241";"MA-Estreito"
"137";"A218";"-2.592352";" -42.707529";"MA-FarolPreguiças"
"138";"A217";"-2.270811";" -43.624043";"MA-FarolSantana"
"139";"A207";"-5.816085";" -46.162200";"MA-Grajau"
"140";"A225";"-5.555723";" -47.459794";"MA-Imperatriz"
"141";"A203";"-2.526771";" -44.213577";"MA-SãoLuis"
"142";"A219";"-1.661224";" -45.372571";"MA-Turiaçu"
"143";"A549";"-15.751536";" -41.457787";"MG-ÁguasVermelhas"
"144";"A534";"-19.532768";" -41.090801";"MG-Aimorés"
"145";"A508";"-16.166773";" -40.687756";"MG-Almenara"
"146";"A505";"-19.605696";" -46.949617";"MG-Araxá"
"147";"A502";"-21.228373";" -43.767703";"MG-Barbacena"
"148";"F501";"-19.980034";" -43.958651";"MG-BeloHorizonte-Cercadinho"
"149";"A521";"-19.883945";" -43.969397";"MG-BeloHorizonte-Pampulha"
"150";"A544";"-15.524262";" -46.435536";"MG-Buritis"
"151";"A530";"-21.918066";" -46.382996";"MG-Caldas"
"152";"A519";"-19.539210";" -49.518133";"MG-CampinaVerde"
"153";"A541";"-17.705504";" -42.389256";"MG-Capelinha"
"154";"A554";"-19.735757";" -42.137146";"MG-Caratinga"
"155";"A548";"-15.300159";" -45.617431";"MG-ChapadaGaucha"
"156";"A520";"-19.985860";" -48.151574";"MG-ConceiçãodasAlagoas"
"157";"A557";"-21.546728";" -43.261029";"MG-CoronelPacheco"
"158";"A538";"-18.747711";" -44.453785";"MG-Curvelo"
"159";"A537";"-18.231052";" -43.648269";"MG-Diamantina"
"160";"A536";"-19.481935";" -45.593932";"MG-DoresdoIndaiá"
"161";"A543";"-14.912284";" -42.808473";"MG-Espinosa"
"162";"A535";"-19.885398";" -44.416883";"MG-Florestal"
"163";"A524";"-20.454930";" -45.453825";"MG-Formiga"
"164";"A532";"-18.830354";" -41.977007";"MG-GovernadorValadares"
"165";"A533";"-18.786842";" -42.942921";"MG-Guanhães"
"166";"A546";"-17.561349";" -47.199251";"MG-Guarda-Mor"
"167";"A555";"-20.031457";" -44.011249";"MG-Ibirité(RolaMoça)"
"168";"A550";"-16.575667";" -41.485588";"MG-Itaobim"
"169";"A512";"-18.952907";" -49.525072";"MG-Ituitaba"
"170";"A553";"-17.784770";" -46.119394";"MG-JoãoPinheiro"
"171";"A518";"-21.769965";" -43.364329";"MG-JuizdeFora"
"172";"A556";"-20.263378";" -42.182817";"MG-Manhuaçu"
"173";"A540";"-18.780620";" -40.986505";"MG-Mantena"
"174";"A531";"-22.314567";" -45.373049";"MG-MariadaFé"
"175";"A539";"-15.085958";" -44.016036";"MG-Mocambinho"
"176";"A526";"-14.408228";" -44.404123";"MG-Montalvania"
"177";"A506";"-16.686316";" -43.843763";"MG-MontesClaros"
"178";"A509";"-22.861604";" -46.043365";"MG-MonteVerde"
"179";"A517";"-21.104867";" -42.375904";"MG-Muriae"
"180";"A513";"-20.556592";" -43.756220";"MG-OuroBranco"
"181";"A529";"-22.395799";" -44.961909";"MG-PassaQuatro"
"182";"A516";"-20.745237";" -46.633916";"MG-Passos"
"183";"A523";"-18.996684";" -46.985935";"MG-Patrocionio"
"184";"A545";"-17.258064";" -44.835600";"MG-Pirapora"
"185";"A551";"-15.723139";" -42.43575";"MG-RioPardodeMinas"
"186";"A525";"-19.875271";" -47.434102";"MG-Sacramento"
"187";"A552";"-16.160327";" -42.310266";"MG-Salinas"
"188";"A514";"-21.106502";" -44.250928";"MG-SãoJoãoDel-Rei"
"189";"A547";"-16.362747";" -45.123801";"MG-SãoRomão"
"190";"A522";"-17.798799";" -40.249933";"MG-SerradosAimorés"
"191";"A527";"-17.892840";" -41.515423";"MG-TeofiloOtoni"
"192";"A511";"-19.573824";" -42.622413";"MG-Timoteo"
"193";"A528";"-18.200855";" -45.459836";"MG-TresMarias"
"194";"A507";"-18.917072";" -48.255657";"MG-Uberlandia"
"195";"A542";"-16.554101";" -46.881935";"MG-Unai"
"196";"A515";"-21.566513";" -45.404300";"MG-Varginha"
"197";"A510";"-20.762607";" -42.864013";"MG-Viçosa"
"198";"A756";"-20.44444";" -52.87583";"MS-AguaClara"
"199";"A750";"-23.002530";" -55.329357";"MS-Amambai"
"200";"A719";"-20.475420";" -55.784006";"MS-Aquidauana"
"201";"A759";"-21.750123";" -52.471294";"MS-Bataguassu"
"202";"A757";"-22.101536";" -56.540763";"MS-BelaVista"
"203";"A702";"-20.447195";" -54.722615";"MS-CampoGrande"
"204";"A742";"-19.122471";" -51.720732";"MS-Cassilandia"
"205";"A730";"-18.802187";" -52.602620";"MS-ChapadãodoSul"
"206";"A724";"-18.99667";" -57.6375";"MS-Corumbá"
"207";"A760";"-18.492665";" -53.171261";"MS-CostaRica"
"208";"A720";"-18.512146";" -54.736116";"MS-Coxim"
"209";"A721";"-22.193920";" -54.911355";"MS-Dourados"
"210";"A752";"-23.449501";" -54.181858";"MS-Itaquirai"
"211";"A709";"-22.300421";" -53.822895";"MS-Ivinhema"
"212";"A758";"-21.478529";" -56.137717";"MS-Jardim"
"213";"A749";"-22.857210";" -54.605634";"MS-Juti"
"214";"A731";"-21.609036";" -55.177531";"MS-Maracajú"
"215";"A722";"-20.395530";" -56.431736";"MS-Miranda"
"216";"A717";"-18.988681";" -56.622868";"MS-Nhumirim"
"217";"A710";"-19.695517";" -51.181769";"MS-Paranaíba"
"218";"A703";"-22.552448";" -55.716317";"MS-PontaPorã"
"219";"A723";"-21.705850";" -57.886546";"MS-PortoMurtinho"
"220";"A743";"-21.774940";" -54.528108";"MS-RioBrilhante"
"221";"A732";"-19.420320";" -54.553088";"MS-SãoGabrieldoOeste"
"222";"A751";"-23.966893";" -55.024227";"MS-SeteQuedas"
"223";"A754";"-20.981637";" -54.971870";"MS-Sidrolandia"
"224";"A761";"-17.635277";" -54.760470";"MS-Sonora"
"225";"A704";"-20.7900";" -51.7122";"MS-TresLagoas"
"226";"A908";"-14.016496";" -52.211690";"MT-AguaBoa"
"227";"A924";"-10.077262";" -56.179221";"MT-AltaFloresta"
"228";"A909";"-17.3394";" -53.2241";"MT-AltoAraguaia"
"229";"A934";"-17.841011";" -53.289474";"MT-AltoTaquari"
"230";"A910";"-9.563392";" -57.393578";"MT-Apiacás"
"231";"A941";"-16.0744444";" -57.6927778";"MT-Cáceres"
"232";"A905";"-13.785907";" -57.838485";"MT-CampoNovodosParecis"
"233";"A912";"-15.531431";" -55.135649";"MT-CampoVerde"
"234";"A926";"-9.970586";" -55.827543";"MT-Carlinda"
"235";"A913";"-13.708046";" -59.762385";"MT-Comodoro"
"236";"A918";"-10.639518";" -51.571456";"MT-Confresa"
"237";"A919";"-9.906296";" -58.572235";"MT-Cotriguaçu"
"238";"A901";"-15.559295";" -56.062951";"MT-Cuiabá"
"239";"A930";"-13.184857";" -53.257366";"MT-GauchadoNorte"
"240";"A906";"-9.952594";" -54.897834";"MT-GuarantãdoNorte"
"241";"A932";"-16.341587";" -53.766089";"MT-Guiratinga"
"242";"A933";"-17.175051";" -54.501690";"MT-Itiquira"
"243";"A914";"-11.280158";" -57.526641";"MT-Juara"
"244";"A920";"-11.375126";" -58.774785";"MT-Juina"
"245";"A928";"-13.038642";" -57.092200";"MT-NovaMaringá"
"246";"A929";"-13.411105";" -54.752144";"MT-NovaUbiratã"
"247";"A915";"-14.421327";" -54.035536";"MT-Paranatinga"
"248";"A937";"-15.234582";" -59.346215";"MT-PontesdeLacerda"
"249";"A935";"-15.324728";" -57.225845";"MT-PortoEstrela"
"250";"A916";"-12.627315";" -52.220891";"MT-Querência"
"251";"A907";"-16.462419";" -54.580151";"MT-Rondonópolis"
"252";"A936";"-15.124811";" -58.127100";"MT-SaltodoCéu"
"253";"A931";"-14.927883";" -53.883643";"MT-SantoAntoniodoLeste"
"254";"A921";"-11.619023";" -50.727856";"MT-SãoFélixdoAraguaia"
"255";"A903";"-13.453981";" -56.677323";"MT-SaoJosedoRioClaro"
"256";"A917";"-11.982245";" -55.565993";"MT-Sinop"
"257";"A904";"-12.555107";" -55.722863";"MT-Sorriso"
"258";"A902";"-14.650117";" -57.431556";"MT-TangarádaSerra"
"259";"A922";"-15.062696";" -59.872921";"MT-VilaBeladaSantissimaTrindade"
"260";"A201";"-1.411228";" -48.439512";"PA-Belém"
"261";"A226";"-1.047258";" -46.785790";"PA-Bragança"
"262";"A236";"-2.239653";" -49.499827";"PA-Cametá"
"263";"A248";"-1.73472";" -47.0575";"PA-CapitãoPoço"
"264";"A202";"-1.300875";" -47.947967";"PA-Castanhal"
"265";"A241";"-8.30361";" -49.28277";"PA-ConceiçãodoAraguaia"
"266";"A231";"-4.276978";" -55.993087";"PA-Itaituba"
"267";"A240";"-5.366447";" -49.051166";"PA-Marabá"
"268";"A209";"-3.510943";" -52.963450";"PA-Medicilandia"
"269";"A246";"-6.31980";" -55.7873";"PA-MinaPalito"
"270";"A239";"-2.0000";" -54.0758";"PA-MonteAlegre"
"271";"A235";"-4.243989";" -49.939308";"PA-NovoRepartimento"
"272";"A232";"-1.880789";" -55.519856";"PA-Óbidos"
"273";"A210";"-3.843701";" -50.638098";"PA-Pacajás"
"274";"A212";"-3.009932";" -47.343121";"PA-Paragominas"
"275";"A211";"-3.864040";" -54.216416";"PA-Placas"
"276";"A214";"-4.784470";" -48.071055";"PA-RondondoPara"
"277";"A215";"-0.618884";" -47.356596";"PA-Salinópolis"
"278";"A233";"-9.338611";" -50.35028";"PA-SantanadoAraguaia"
"279";"A230";"-6.077427";" -50.142265";"PA-SerradosCarajas"
"280";"A227";"-0.727827";" -48.515795";"PA-Soure"
"281";"A213";"-2.592606";" -48.360585";"PA-ToméAçu"
"282";"A229";"-3.822760";" -49.674956";"PA-Tucurui"
"283";"A310";"-6.975451";" -35.718128";"PB-Areia"
"284";"A348";"-7.483206";" -36.286469";"PB-Cabaceiras"
"285";"A352";"-6.561813";" -35.135316";"PB-Camaratuba"
"286";"A313";"-7.225574";" -35.904831";"PB-CampinaGrande"
"287";"A320";"-7.165409";" -34.815627";"PB-JoãoPessoa"
"288";"A334";"-7.894465";" -37.124704";"PB-Monteiro"
"289";"A321";"-7.079814";" -37.272852";"PB-Patos"
"290";"A333";"-6.835777";" -38.311583";"PB-SãoGonçalo"
"291";"A309";"-8.433544";" -37.055477";"PE-ArcoVerde"
"292";"A329";"-8.504000";" -39.315280";"PE-Cabrobó"
"293";"A341";"-8.236069";" -35.985550";"PE-Caruaru"
"294";"A351";"-8.61028";" -38.5922";"PE-Floresta"
"295";"A322";"-8.910950";" -36.493381";"PE-Garanhuns"
"296";"A349";"-8.509552";" -37.711591";"PE-Ibimirim"
"297";"A366";"-7.88472";" -40.1011";"PE-Ouricuri"
"298";"A357";"-8.666667";" -35.567921";"PE-Palmares"
"299";"A307";"-9.388323";" -40.523262";"PE-Petrolina"
"300";"A301";"-8.059280";" -34.959239";"PE-Recife"
"301";"A350";"-7.954277";" -38.295082";"PE-SerraTalhada"
"302";"A328";"-7.839628";" -35.801056";"PE-Surubim"
"303";"A336";"-8.441598";" -43.865443";"PI-AlvoradadoGurgeia"
"304";"A326";"-9.0833333";" -44.3263889";"PI-BomJesusdoPiaui"
"305";"A365";"-8.117939";" -42.975721";"PI-CantodoBuriti"
"306";"A337";"-9.285880";" -43.324438";"PI-Caracol"
"307";"A361";"-5.349228";" -41.512274";"PI-CastelodoPiaui"
"308";"A338";"-3.899365";" -42.259483";"PI-Esperantina"
"309";"A311";"-6.761438";" -43.003396";"PI-Floriano"
"310";"A364";"-9.875196";" -45.345805";"PI-Gilbués"
"311";"A354";"-6.974135";" -42.146831";"PI-Oeiras"
"312";"A308";"-3.086656";" -41.783139";"PI-Parnaíba"
"313";"A330";"-8.132288";" -41.142945";"PI-Paulistana"
"314";"A343";"-7.071016";" -41.404042";"PI-Picos"
"315";"A335";"-4.276047";" -41.794568";"PI-Piripiri"
"316";"A331";"-8.364977";" -42.250369";"PI-SãoJoãodoPiaui"
"317";"A362";"-5.911033";" -42.718729";"PI-SãoPedrodoPiaui"
"318";"A345";"-9.033211";" -42.701112";"PI-SãoRaimundoNonato"
"319";"A312";"-5.034769";" -42.801341";"PI-Teresina"
"320";"A346";"-7.441420";" -44.345055";"PI-Uruçui"
"321";"A363";"-6.399274";" -41.739953";"PI-ValençadoPiaui"
"322";"A819";"-24.786954";" -49.999266";"PR-Castro"
"323";"A869";"-23.359156";" -52.931912";"PR-CidadeGaucha"
"324";"A876";"-26.417200";" -52.348741";"PR-Clevelandia"
"325";"A807";"-25.448688";" -49.230602";"PR-Curitiba"
"326";"A849";"-22.639366";" -52.890156";"PR-DiamantedoNorte"
"327";"A843";"-25.699063";" -53.095273";"PR-DoisVizinhos"
"328";"A846";"-25.601834";" -54.483065";"PR-FozdoIguaçu"
"329";"A875";"-26.398473";" -51.353670";"PR-GeneralCarneiro"
"330";"A825";"-24.158460";" -53.030594";"PR-Goioere"
"331";"A824";"-23.390380";" -53.635933";"PR-Icaraima"
"332";"A847";"-25.494522";" -48.326041";"PR-IlhadoMel"
"333";"A823";"-25.567879";" -51.077946";"PR-InácioMartins"
"334";"A818";"-25.010757";" -50.853853";"PR-Ivai"
"335";"A871";"-23.773341";" -50.180570";"PR-Japira"
"336";"A821";"-23.505266";" -49.946387";"PR-JoaquimTávora"
"337";"A820";"-24.533303";" -54.019248";"PR-MarechalCandidoRondon"
"338";"A835";"-23.405357";" -51.932828";"PR-Maringá"
"339";"A873";"-25.508935";" -48.808681";"PR-Morretes"
"340";"A842";"-23.415284";" -50.577744";"PR-NovaFátima"
"341";"A822";"-24.437346";" -51.963020";"PR-NovaTebas"
"342";"A850";"-22.658273";" -52.134526";"PR-Paranapoema"
"343";"A855";"-25.721863";" -53.747920";"PR-Planalto"
"344";"A874";"-25.835604";" -50.368994";"PR-SãoMateusdoSul"
"345";"A872";"-24.280394";" -50.210150";"PR-Ventania"
"346";"A606";"-22.975468";" -42.021450";"RJ-ArraialdoCabo"
"347";"A604";"-21.587729";" -41.958327";"RJ-Cambuci"
"348";"A607";"-21.714767";" -41.344017";"RJ-Campos"
"349";"A620";"-22.041647";" -41.051871";"RJ-Campos-SãoTomé"
"350";"A603";"-22.589806";" -43.282233";"RJ-DuquedeCaxias-Xerem"
"351";"A608";"-22.376318";" -41.812053";"RJ-Macaé"
"352";"A624";"-22.334839";" -42.676932";"RJ-NovaFriburgo"
"353";"A619";"-23.223540";" -44.726863";"RJ-Parati"
"354";"A610";"-22.464889";" -43.291505";"RJ-Petropolis-PicodoCouto"
"355";"A609";"-22.450924";" -44.444786";"RJ-Resende"
"356";"A652";"-22.988286";" -43.190436";"RJ-RiodeJaneiro-FortedeCopacabana"
"357";"A602";"-23.050334";" -43.595685";"RJ-RiodeJaneiro-Marambaia"
"358";"A621";"-22.861322";" -43.411410";"RJ-RiodeJaneiro-VilaMilitar"
"359";"A601";"-22.757868";" -43.684843";"RJ-Seropédica-EcologiaAgrícola"
"360";"A618";"-22.448922";" -42.987146";"RJ-Teresópolis-ParqueNacional"
"361";"A611";"-22.358094";" -43.695656";"RJ-Valença"
"362";"A340";"-5.626559";" -37.814991";"RN-Apodi"
"363";"A316";"-6.467474";" -37.084931";"RN-Caicó"
"364";"A344";"-5.159925";" -35.487616";"RN-Calcanhar"
"365";"A317";"-5.151035";" -36.573142";"RN-Macau"
"366";"A318";"-4.904087";" -37.366943";"RN-Mossoro"
"367";"A304";"-5.837187";" -35.207921";"RN-Natal"
"368";"A367";"-6.227922";" -36.026587";"RN-SantaCruz"
"369";"A940";"-9.949001";" -62.961873";"RO-Ariquemes"
"370";"A939";"-11.445837";" -61.434146";"RO-Cacoal"
"371";"A925";"-8.793662";" -63.845931";"RO-PortoVelho"
"372";"A938";"-12.734862";" -60.157784";"RO-Vilhena"
"373";"A135";"2.816897";" -60.690821";"RR-BoaVista"
"374";"A826";"-29.709083";" -55.525486";"RS-Alegrete"
"375";"A827";"-31.3478";" -54.0133";"RS-Bagé"
"376";"A840";"-29.164581";" -51.534202";"RS-BentoGonçalves"
"377";"A812";"-30.545317";" -53.467050";"RS-CaçapavadoSul"
"378";"A838";"-30.807953";" -51.834240";"RS-Camaquã"
"379";"A884";"-29.674293";" -51.064042";"RS-CampoBom"
"380";"A879";"-29.368788";" -50.827231";"RS-Canela"
"381";"A811";"-31.403299";" -52.700699";"RS-Canguçu"
"382";"A899";"-33.742297";" -53.372218";"RS-Chui"
"383";"A853";"-28.603440";" -53.673597";"RS-CruzAlta"
"384";"A881";"-30.992475";" -54.815270";"RS-DomPedrito"
"385";"A828";"-27.657710";" -52.305805";"RS-Erechim"
"386";"A854";"-27.395686";" -53.429421";"RS-FredericoWestphalen"
"387";"A883";"-28.653458";" -53.111881";"RS-Ibirubá"
"388";"A836";"-32.534825";" -53.375860";"RS-Jaguarão"
"389";"A844";"-28.222381";" -51.512845";"RS-LagoaVemelha"
"390";"A878";"-31.248279";" -50.906279";"RS-Mostardas"
"391";"A856";"-27.920379";" -53.318049";"RS-PalmeiradasMissões"
"392";"A839";"-28.226805";" -52.403582";"RS-PassoFundo"
"393";"A801";"-30.053536";" -51.174766";"RS-PortoAlegre"
"394";"A831";"-30.368578";" -56.437115";"RS-Quarai"
"395";"A802";"-32.078780";" -52.167738";"RS-RioGrande"
"396";"A813";"-29.872113";" -52.381980";"RS-RioPardo"
"397";"A803";"-29.724960";" -53.720469";"RS-SantaMaria"
"398";"A810";"-27.890463";" -54.480014";"RS-SantaRosa"
"399";"A833";"-29.191599";" -54.885653";"RS-Santiago"
"400";"A805";"-27.854345";" -53.791179";"RS-SantoAugusto"
"401";"A830";"-28.650092";" -56.016291";"RS-SãoBorja"
"402";"A832";"-30.341450";" -54.310917";"RS-SãoGabriel"
"403";"A829";"-28.748634";" -50.057880";"RS-SãoJosédosAusentes"
"404";"A852";"-28.417113";" -54.962403";"RS-SãoLuizGonzaga"
"405";"A837";"-28.859211";" -52.542387";"RS-Soledade"
"406";"A882";"-29.450334";" -51.824283";"RS-Teutonia"
"407";"A808";"-29.350359";" -49.733263";"RS-Torres"
"408";"A834";"-30.010268";" -50.135887";"RS-Tramandai"
"409";"A809";"-29.839870";" -57.081899";"RS-Uruguaiana"
"410";"A880";"-28.513602";" -50.882738";"RS-Vacaria"
"411";"A867";"-28.931353";" -49.497920";"SC-Ararangua"
"412";"A859";"-26.819156";" -50.985520";"SC-Caçador"
"413";"A860";"-27.288624";" -50.604283";"SC-Curitibanos"
"414";"A848";"-26.286562";" -53.633114";"SC-DionisioCerqueira"
"415";"A806";"-27.602530";" -48.620096";"SC-Florianopolis-SãoJosé"
"416";"A817";"-26.913704";" -49.267978";"SC-Indaial"
"417";"A868";"-26.950924";" -48.762031";"SC-Itajai"
"418";"A851";"-26.081303";" -48.641774";"SC-Itapoá"
"419";"A863";"-27.418410";" -49.646874";"SC-Ituporanga"
"420";"A841";"-27.169268";" -51.558963";"SC-Joaçaba"
"421";"A865";"-27.802205";" -50.335473";"SC-Lages"
"422";"A864";"-26.393664";" -50.363211";"SC-MajorVieira"
"423";"A845";"-28.126992";" -49.479610";"SC-MorrodaIgreja(BomJardimdaSerra)"
"424";"A816";"-26.406499";" -52.850366";"SC-NovoHorizonte"
"425";"A861";"-26.937526";" -50.145445";"SC-RiodoCampo"
"426";"A862";"-26.248411";" -49.580624";"SC-RioNegrinho"
"427";"A866";"-28.604414";" -48.813313";"SC-SantaMarta"
"428";"A815";"-28.275640";" -49.934617";"SC-SãoJoaquim"
"429";"A857";"-26.776699";" -53.504541";"SC-SãoMigueldoOeste"
"430";"A814";"-28.532557";" -49.315205";"SC-Urussanga"
"431";"A858";"-26.938666";" -52.398090";"SC-Xanxerê"
"432";"A409";"-10.952413";" -37.054330";"SE-Aracaju"
"433";"A421";"-10.473959";" -36.482051";"SE-BrejoGrande"
"434";"A420";"-10.399719";" -37.747503";"SE-Carira"
"435";"A417";"-11.2725";" -37.795";"SE-Itabaianinha"
"436";"A419";"-10.738020";" -38.108389";"SE-PoçoVerde"
"437";"A736";"-21.132937";" -48.840426";"SP-Ariranha"
"438";"A725";"-23.101749";" -48.940997";"SP-Avaré"
"439";"A741";"-22.471205";" -48.557573";"SP-BarraBonita"
"440";"A746";"-24.962819";" -48.416379";"SP-BarradoTurvo"
"441";"A748";"-20.559175";" -48.544997";"SP-Barretos"
"442";"A755";"-23.52389";" -46.86945";"SP-Barueri"
"443";"A705";"-22.358052";" -49.028877";"SP-Bauru"
"444";"A706";"-22.750231";" -45.603836";"SP-CamposdoJordão"
"445";"A738";"-21.78056";" -47.07528";"SP-CasaBranca"
"446";"A708";"-20.584475";" -47.382549";"SP-Franca"
"447";"A737";"-21.855567";" -48.799717";"SP-Ibitinga"
"448";"A712";"-24.671654";" -47.545896";"SP-Iguape"
"449";"A714";"-23.981918";" -48.885818";"SP-Itapeva"
"450";"A739";"-22.415062";" -46.805292";"SP-Itapira"
"451";"A753";"-20.35976";" -47.77522";"SP-Ituverava"
"452";"A733";"-20.165025";" -50.595134";"SP-Jales"
"453";"A735";"-21.085675";" -49.920388";"SP-JoséBonifácio"
"454";"A727";"-21.666045";" -49.734854";"SP-Lins"
"455";"A745";"-24.047845";" -46.263340";"SP-Moela"
"456";"A716";"-22.949000";" -49.894546";"SP-Ourinhos"
"457";"A726";"-22.703132";" -47.623317";"SP-Piracicaba"
"458";"A747";"-21.338432";" -48.114007";"SP-Pradópolis"
"459";"A707";"-22.119867";" -51.408637";"SP-PresidentePrudente"
"460";"A718";"-22.372832";" -50.974710";"SP-Rancharia"
"461";"A711";"-21.980353";" -47.883927";"SP-SãoCarlos"
"462";"A740";"-23.228362";" -45.417055";"SP-SãoLuisdoParaitinga"
"463";"A715";"-23.852022";" -48.164817";"SP-SãoMiguelArcanjo"
"464";"A701";"-23.496294";" -46.620088";"SP-SãoPaulo-MirantedeSantana"
"465";"A713";"-23.426035";" -47.585552";"SP-Sorocaba"
"466";"A728";"-23.041668";" -45.520841";"SP-Taubaté"
"467";"A734";"-21.319138";" -50.930158";"SP-Valparaiso"
"468";"A729";"-20.403221";" -49.966031";"SP-Votuporanga"
"469";"A021";"-7.103954";" -48.201231";"TO-Araguaina"
"470";"A044";"-5.643725";" -48.111839";"TO-Araguatins"
"471";"A043";"-8.154665";" -46.639323";"TO-CamposLindos"
"472";"A038";"-11.594448";" -46.847209";"TO-Dianópolis"
"473";"A039";"-11.887377";" -49.608215";"TO-FormosodoAraguaia"
"474";"A019";"-11.745782";" -49.049703";"TO-Gurupi"
"475";"A041";"-9.576389";" -49.72333";"TO-MarianópolisdoTocantins"
"476";"A040";"-10.43444";" -45.92194";"TO-Mateiros"
"477";"A009";"-10.190744";" -48.301811";"TO-Palmas"
"478";"A010";"-12.614893";" -47.871917";"TO-Paranã"
"479";"A020";"-8.968677";" -48.177259";"TO-PedroAfonso"
"480";"A018";"-12.015377";" -48.544517";"TO-Peixe"
"481";"U560";"-34.4510";" -57.7675";"UY-Colonia"
"482";"U565";"-34.4936";" -54.3124";"UY-Rocha"
